{
    "wallpaper": "https://picsum.photos/1280/720/?blur=2",
    "spider": "./custom_spider.jar",
    "lives": [
        {
          "name": "直播",
          "type": 0,
          "playerType": 1,
          "url": "https://agit.ai/Yoursmile7/TVBox/raw/branch/master/live.txt",
          //"url": "clan://XYQTVBox/live.txt",
          "epg": "http://epg.51zmt.top:8000/api/diyp/?ch={name}&date={date}",
          //"epg": "https://epg.112114.xyz/?ch={name}&date={date}",     
          "logo": "http://epg.51zmt.top:8000/api/diyp/logo/{name}.png"
          //"logo": "https://epg.112114.xyz/logo/{name}.png"
        },
        {
            "group": "redirect",
            "channels": [
                {
                    "name": "live",
                    "epg": "http://epg.51zmt.top:8000/api/diyp/?ch={name}&date={date}",
                    //"urls": ["proxy://do=live&type=txt&ext=aHR0cDovLzl4aTRvLnRrL09uZUNsaWNrUnVuL2xpdmUudHh0"]
                    "urls": ["proxy://do=live&type=txt&ext=https://agit.ai/Yoursmile7/TVBox/raw/branch/master/live.txt"]
                    //"urls": ["proxy://do=live&type=txt&ext=http://dlq.gmqd.com/upload/20220921115985878587.txt"]
                    //"urls": ["proxy://do=live&type=txt&ext=http://home.jundie.top:81/ray/tvlive.txt"]
                }
            ]
        }
    ],
    "sites": [
        {"key":"csp_LocalFile","name":"💻本地视频","type":3,"api":"csp_LocalFile","searchable":0,"quickSearch":0,"filterable":0,"type_flag":0},
        //{"key":"csp_Alist","name":"💾Alist(SP)","type":3,"api":"csp_Alist","searchable":0,"quickSearch":0,"filterable":0,"ext":"./Alist.json"},
        {"key":"Gitcafe","name":"📀小纸条","type":3,"api":"csp_Gitcafe","playerType":1,"searchable":1,"quickSearch":1,"filterable":1,"ext":"./alitoken.txt"},
        {"key":"csp_Zhaozy","name":"📀找资源","type":3,"api":"csp_Zhaozy","playerType":1,"searchable":1,"quickSearch":1,"filterable":0,"ext":"./alitoken.txt"},
        {"key":"csp_AliPS","name":"📀喵狸盘搜","type":3,"api":"csp_AliPS","playerType":1,"searchable":1,"quickSearch":1,"filterable":0,"ext":"./alitoken.txt"},
        {"key":"csp_Yisou","name":"📀易搜","type":3,"api":"csp_Yisou","playerType":1,"searchable":1,"quickSearch":1,"filterable":0,"ext":"./alitoken.txt"},
        {"key":"csp_Upyunso","name":"📀UP云搜","type":3,"api":"csp_Upyunso","playerType":1,"searchable":1,"quickSearch":1,"filterable":0,"ext":"./alitoken.txt"},
        {"key": "csp_XYQHiker_土狗搜索","name":"📀土狗搜索(XYQH)","type":3,"api":"csp_XYQHiker","searchable":1,"quickSearch":1,"filterable":1,"ext":"./XYQHiker/土狗搜索.json"},
        {"key":"push_agent","name":"📽推送","type":3,"api":"csp_PushAgent","playerType":1,"searchable":1,"quickSearch":1,"filterable":0,"ext":"./alitoken.txt"},
        
        {"key":"360_spider","name":"🐞360影视","type":3,"api":"csp_SP360","filterable":1,"quickSearch":1,"searchable":1},
        {"key":"csp_Kuaikan","name":"💡快看影视","type":3,"api":"csp_Kuaikan","searchable":1,"quickSearch":1,"filterable":1},
        {"key":"csp_Czsapp","name":"🐞厂长资源","type":3,"api":"csp_Czsapp","playerType":2,"searchable":1,"quickSearch":1,"filterable":1,"ext":"https://www.czzy03.com"},
        {"key":"csp_Bdys","name":"🐞哔嘀影视","type":3,"api":"csp_Bdys","searchable":1,"quickSearch":1,"filterable":1},
        {"key":"csp_Ddys","name":"🐞低端影视","type":3,"api":"csp_Ddys","searchable":1,"quickSearch":1,"filterable":1},
        {"key":"csp_Kunyu77","name":"🐞77影视","type":3,"api":"csp_Kunyu77","searchable":1,"quickSearch":1,"filterable":1},
        //{"key": "csp_LiteApple","name": "🍎小苹果","type": 3,"api": "csp_LiteApple","searchable": 1,"quickSearch": 1,"filterable": 1,"jar":"http://t.grelighting.cn/html/xpg102.jar;md5;bc95d810af9fab60c0781280ba56d6b1"},
        {"key": "csp_LiteApple","name": "🍎小苹果","type": 3,"api": "csp_LiteApple","playerType":1,"searchable": 1,"quickSearch": 1,"filterable": 1},
        //{"key":"csp_AppTT","name":"🖼图图影视","type":3,"api":"csp_AppTT","searchable":1,"quickSearch":1,"filterable":1},
        {"key":"csp_Bili","name":"🐞哔哩综合","type": 3,"api": "csp_Bili","searchable": 1,"quickSearch": 1,"filterable": 1,"ext":"./biliext/Bili.json"},
        {"key":"csp_Bili幼儿","name":"🐞哔哩幼儿","type":3,"api":"csp_Bili","searchable":0,"quickSearch":0,"filterable":1,"ext":"./biliext/幼儿乐园.json"},
        {"key":"csp_Bili少儿","name":"🐞哔哩少儿","type": 3,"api": "csp_Bili","searchable": 0,"quickSearch": 0,"filterable": 1,"ext":"./biliext/少儿教育.json"},
        {"key":"csp_Bili小学","name":"🐞哔哩小学","type": 3,"api": "csp_Bili","searchable": 0,"quickSearch": 0,"filterable": 1,"ext":"./biliext/小学课堂.json"},
        {"key":"csp_Bili初中","name":"🐞哔哩初中","type": 3,"api": "csp_Bili","searchable": 0,"quickSearch": 0,"filterable": 1,"ext":"./biliext/初中课堂.json"},
        {"key":"csp_Bili高中","name":"🐞哔哩高中","type": 3,"api": "csp_Bili","searchable": 0,"quickSearch": 0,"filterable": 1,"ext":"./biliext/高中课堂.json"},
        {"key":"JS哔哩直播","name":"哔哩直播[js]","type":3,"api":"./drpy_js/libs/drpy2.min.js","searchable": 0,"quickSearch": 0,"filterable": 0,"ext":"./drpy_js/js/哔哩直播.js"},
        
        {"key": "csp_XYQHiker_兔小贝","name":"兔小贝(XYQH)","type":3,"api":"csp_XYQHiker","searchable":1,"quickSearch":1,"filterable":1,"ext":"./XYQHiker/兔小贝.json"},
        {"key": "csp_XYQHiker_兔小贝2","name":"兔小贝2(XYQH)","type":3,"api":"csp_XYQHiker","searchable":1,"quickSearch":1,"filterable":1,"ext":"./XYQHiker/兔小贝2.json"},
        {"key": "csp_XYQHiker_播视童趣","name":"播视童趣(XYQH)","type":3,"api":"csp_XYQHiker","searchable":1,"quickSearch":1,"filterable":1,"ext":"./XYQHiker/播视童趣.json"},
        {"key": "csp_XYQHiker_有声小说吧","name":"有声小说吧(XYQH)","type":3,"api":"csp_XYQHiker","searchable":1,"quickSearch":1,"filterable":1,"ext":"./XYQHiker/有声小说吧.json"},
        {"key": "csp_XYQHiker_DJ呦呦音乐网","name":"🎧DJ呦呦音乐网(XYQH)","type":3,"api":"csp_XYQHiker","searchable":1,"quickSearch":1,"filterable":1,"ext":"./XYQHiker/DJ呦呦音乐网.json"},
        {"key": "csp_XYQHiker_MV263","name":"MV263(XYQH)","type":3,"api":"csp_XYQHiker","searchable":0,"quickSearch":0,"filterable":1,"ext":"./XYQHiker/MV263.json"},
        {"key": "csp_XYQHiker_酷奇MV","name":"酷奇MV(XYQH)","type":3,"api":"csp_XYQHiker","searchable":0,"quickSearch":0,"filterable":1,"ext":"./XYQHiker/酷奇MV.json"},
        //{"key": "csp_XYQHiker_柠檬TV","name":"柠檬TV(XYQH)","type":3,"api":"csp_XYQHiker","searchable":1,"quickSearch":1,"filterable":1,"ext":"./XYQHiker/柠檬TV.json"},
        {"key": "csp_XYQHiker_柠檬TV2","name":"柠檬TV2(XYQH)","type":3,"api":"csp_XYQHiker","searchable":1,"quickSearch":1,"filterable":1,"ext":"./XYQHiker/柠檬TV2.json"},
        
        {"key": "csp_XYQHiker_野荷塘影院","name":"野荷塘影院(XYQH)","type":3,"api":"csp_XYQHiker","searchable":1,"quickSearch":1,"filterable":1,"ext":"./XYQHiker/野荷塘影院.json"},
        {"key": "csp_XYQHiker_肥猫影视","name":"肥猫影视(XYQH)","type":3,"api":"csp_XYQHiker","searchable":1,"quickSearch":1,"filterable":1,"ext":"./XYQHiker/肥猫影视.json"},
        {"key": "csp_XYQHiker_红领巾影院","name":"红领巾影院(XYQH)","type":3,"api":"csp_XYQHiker","searchable":1,"quickSearch":1,"filterable":1,"ext":"./XYQHiker/红领巾影院.json"},
        {"key": "csp_XYQHiker_星辰影院","name":"⭐️星辰影院(XYQH)","type":3,"api":"csp_XYQHiker","searchable":1,"quickSearch":1,"filterable":1,"ext":"./XYQHiker/星辰影院.json"},
        {"key": "csp_XYQHiker_小猫咪","name":"小猫咪(XYQH)","type":3,"api":"csp_XYQHiker","searchable":1,"quickSearch":1,"filterable":1,"ext":"./XYQHiker/小猫咪.json"},
        {"key": "csp_XYQHiker_188影视","name":"188影视(XYQH)","type":3,"api":"csp_XYQHiker","searchable":1,"quickSearch":1,"filterable":1,"ext":"./XYQHiker/188影视.json"},
        {"key": "csp_XYQHiker_55影视","name":"55影视(XYQH)","type":3,"api":"csp_XYQHiker","searchable":1,"quickSearch":1,"filterable":1,"ext":"./XYQHiker/55影视.json"},
        {"key": "csp_XYQHiker_555影视","name":"555影视(XYQH)","type":3,"api":"csp_XYQHiker","searchable":1,"quickSearch":1,"filterable":1,"ext":"./XYQHiker/555影视.json"},
        {"key": "csp_XYQHiker_极客影院","name":"极客影院","type":3,"api":"csp_XYQHiker","searchable":1,"quickSearch":1,"filterable":1,"ext":"./XYQHiker/极客影院.json"},
        {"key": "csp_XYQHiker_大豆影视","name":"大豆影视","type":3,"api":"csp_XYQHiker","searchable":1,"quickSearch":1,"filterable":1,"ext":"./XYQHiker/大豆影视.json"},
        {"key": "csp_XYQHiker_3377影视","name":"3377影视","type":3,"api":"csp_XYQHiker","searchable":1,"quickSearch":1,"filterable":1,"ext":"./XYQHiker/3377影视.json"},
        {"key": "csp_XYQHiker_臭蛋蛋影视","name":"臭蛋蛋影视(XYQH)","type":3,"api":"csp_XYQHiker","searchable":1,"quickSearch":1,"filterable":1,"ext":"./XYQHiker/臭蛋蛋影视.json"},
        {"key": "csp_XYQHiker_土狗影院","name":"🐶土狗影院","type":3,"api":"csp_XYQHiker","searchable":1,"quickSearch":1,"filterable":1,"ext":"./XYQHiker/土狗影院.json"},
        {"key": "csp_XYQHiker_特播影院","name":"特播影院(XYQH)","type":3,"api":"csp_XYQHiker","searchable":1,"quickSearch":1,"filterable":1,"ext":"./XYQHiker/特播影院.json"},
        {"key": "csp_XYQHiker_新视觉影院","name":"新视觉影院(XYQH)","type":3,"api":"csp_XYQHiker","searchable":1,"quickSearch":1,"filterable":1,"ext":"./XYQHiker/新视觉影院.json"},
        {"key": "csp_XYQHiker_UM影院","name":"UM影院(XYQH)","type":3,"api":"csp_XYQHiker","searchable":1,"quickSearch":1,"filterable":1,"ext":"./XYQHiker/UM影院.json"},
        {"key": "csp_XYQHiker_农民影视","name":"🧑🏻‍农民影视(XYQH)","type":3,"api":"csp_XYQHiker","searchable":1,"quickSearch":1,"filterable":1,"ext":"./XYQHiker/农民影视.json"},
        {"key": "csp_XYQHiker_奇趣影视","name":"奇趣影视(XYQH)","type":3,"api":"csp_XYQHiker","searchable":1,"quickSearch":1,"filterable":1,"ext":"./XYQHiker/奇趣影视.json"},
        {"key": "csp_XYQHiker_乐鱼影视","name":"乐鱼影视(XYQH)","type":3,"api":"csp_XYQHiker","searchable":1,"quickSearch":1,"filterable":1,"ext":"./XYQHiker/乐鱼影视.json"},
        {"key": "csp_XYQHiker_歪片星球","name":"歪片星球(XYQH)","type":3,"api":"csp_XYQHiker","searchable":1,"quickSearch":1,"filterable":1,"ext":"./XYQHiker/歪片星球.json"},
        {"key": "csp_XYQHiker_双十电影","name":"双十电影(XYQH)","type":3,"api":"csp_XYQHiker","searchable":1,"quickSearch":1,"filterable":1,"ext":"./XYQHiker/双十电影.json"},
        {"key": "csp_XYQHiker_端木视频","name":"端木视频(XYQH)","type":3,"api":"csp_XYQHiker","searchable":1,"quickSearch":1,"filterable":1,"ext":"./XYQHiker/端木视频.json"},
        {"key": "csp_XYQHiker_348电影网","name":"348电影网(XYQH)","type":3,"api":"csp_XYQHiker","searchable":1,"quickSearch":1,"filterable":1,"ext":"./XYQHiker/348电影网.json"},
        {"key": "csp_XYQHiker_8K影视","name":"8K影视(XYQH)","type":3,"api":"csp_XYQHiker","searchable":1,"quickSearch":1,"filterable":1,"ext":"./XYQHiker/8K影视.json"},
        {"key": "csp_XYQHiker_98影院","name":"98影院(XYQH)","type":3,"api":"csp_XYQHiker","searchable":1,"quickSearch":1,"filterable":1,"ext":"./XYQHiker/98影院.json"},
        {"key": "csp_XYQHiker_七新影视","name":"七新影视(XYQH)","type":3,"api":"csp_XYQHiker","searchable":1,"quickSearch":1,"filterable":1,"ext":"./XYQHiker/七新影视.json"},
        {"key": "csp_XYQHiker_皮皮鸭","name": "皮皮鸭(XYQH)","type": 3,"api": "csp_XYQHiker","searchable": 1,"quickSearch": 1,"filterable": 1,"ext": "./XYQHiker/皮皮鸭.json"},
        {"key": "csp_XYQHiker_兄弟影视","name":"兄弟影视(XYQH)","type":3,"api":"csp_XYQHiker","searchable":1,"quickSearch":1,"filterable":1,"ext":"./XYQHiker/兄弟影视.json"},
        {"key": "csp_XYQHiker_电影港","name":"🧲电影港(XYQH)","type":3,"api":"csp_XYQHiker","searchable":1,"quickSearch":1,"filterable":1,"ext":"./XYQHiker/电影港磁力.json"},
        {"key": "csp_XYQHiker_饭团影视","name": "🍘饭团影视(XYQH)","type": 3,"api": "csp_XYQHiker","searchable": 1,"quickSearch": 1,"filterable": 1,"ext": "./XYQHiker/饭团影视.json"},
        {"key": "csp_XYQHiker_布蕾蓝光影城","name": "布蕾蓝光影城(XYQH)","type": 3,"api": "csp_XYQHiker","searchable": 1,"quickSearch": 1,"filterable": 1,"ext": "./XYQHiker/布蕾蓝光影城.json"},
        {"key": "csp_XYQHiker_看看电影","name":"看看电影(XYQH)","type":3,"api":"csp_XYQHiker","searchable":1,"quickSearch":1,"filterable":1,"ext":"./XYQHiker/看看电影.json"},
        {"key": "csp_XYQHiker_秋霞电影","name":"秋霞电影(XYQH)","type":3,"api":"csp_XYQHiker","searchable":1,"quickSearch":1,"filterable":1,"ext":"./XYQHiker/秋霞电影.json"},
        {"key": "csp_XYQHiker_秋霞电影网","name":"🦞秋霞电影网(XYQH)","type":3,"api":"csp_XYQHiker","searchable":1,"quickSearch":1,"filterable":1,"ext":"./XYQHiker/秋霞电影网.json"},
        {"key": "csp_XYQHiker_乐猪影视","name": "🐷乐猪影视(XYQH)","type": 3,"api": "csp_XYQHiker","searchable": 1,"quickSearch": 1,"filterable": 1,"ext": "./XYQHiker/乐猪TV.json"},
        {"key": "csp_XYQHiker_在线之家","name":"在线之家(XYQH)","type":3,"api":"csp_XYQHiker","searchable":1,"quickSearch":1,"filterable":1,"ext":"./XYQHiker/在线之家.json"},
        {"key": "csp_XYQHiker_HDmoli","name":"HDmoli(XYQH)","type":3,"api":"csp_XYQHiker","searchable":1,"quickSearch":1,"filterable":1,"ext":"./XYQHiker/HDmoli.json"},
        {"key": "csp_XYQHiker_无名小站","name":"无名小站(XYQH)","type":3,"api":"csp_XYQHiker","searchable":1,"quickSearch":1,"filterable":1,"ext":"./XYQHiker/无名小站.json"},
        {"key": "csp_XYQHiker_独播库","name":"独播库(XYQH)","type":3,"api":"csp_XYQHiker","searchable":1,"quickSearch":1,"filterable":1,"ext":"./XYQHiker/独播库.json"},
        {"key": "csp_XYQHiker_AB影院","name":"AB影院✈️(XYQH)","type":3,"api":"csp_XYQHiker","searchable":1,"quickSearch":1,"filterable":1,"ext":"./XYQHiker/AB影院.json"},
        {"key": "csp_XYQHiker_魔戒影院","name":"魔戒影院(XYQH)","type":3,"api":"csp_XYQHiker","searchable":1,"quickSearch":1,"filterable":1,"ext":"./XYQHiker/魔戒影院.json"},
        {"key": "csp_XYQHiker_voflix HD","name":"voflix HD(XYQH)","type":3,"api":"csp_XYQHiker","searchable":1,"quickSearch":1,"filterable":1,"ext":"./XYQHiker/voflix HD.json"},
        {"key": "csp_XYQHiker_奈飞中文","name":"奈飞中文(XYQH)","type":3,"api":"csp_XYQHiker","searchable":1,"quickSearch":1,"filterable":1,"ext":"./XYQHiker/奈飞中文.json"},
        {"key": "csp_XYQHiker_鸭奈飞影视","name":"🦆鸭奈飞影视(XYQH)","type":3,"api":"csp_XYQHiker","searchable":1,"quickSearch":1,"filterable":1,"ext":"./XYQHiker/鸭奈飞影视.json"},
        {"key": "csp_XYQHiker_蓝光影院","name": "蓝光影院(XYQH)","type": 3,"api": "csp_XYQHiker","searchable": 1,"quickSearch": 1,"filterable": 1,"ext": "./XYQHiker/蓝光影院.json"},
        {"key": "csp_XYQHiker_影视工场","name":"影视工场(XYQH)","type":3,"api":"csp_XYQHiker","searchable":1,"quickSearch":1,"filterable":1,"ext":"./XYQHiker/影视工场.json"},
        {"key": "csp_XYQHiker_影渣渣影视","name":"影渣渣影视✈️(XYQH)","type":3,"api":"csp_XYQHiker","searchable":1,"quickSearch":1,"filterable":1,"ext":"./XYQHiker/影渣渣影视.json"},
        {"key": "csp_XYQHiker_电影牛影院","name":"电影牛影院(XYQH)","type":3,"api":"csp_XYQHiker","searchable":1,"quickSearch":1,"filterable":1,"ext":"./XYQHiker/电影牛影院.json"},
        {"key": "csp_XYQHiker_电影盒子","name":"🎞电影盒子(XYQH)","type":3,"api":"csp_XYQHiker","playerType":2,"searchable":1,"quickSearch":1,"filterable":1,"ext":"./XYQHiker/电影盒子.json"},
        {"key": "csp_XYQHiker_段友影视","name":"段友搜索(XYQH)","type":3,"api":"csp_XYQHiker","searchable":1,"quickSearch":1,"filterable":1,"ext":"./XYQHiker/段友影视.json"},
        {"key": "csp_XYQHiker_耐看点播","name":"耐看点播(XYQH)","type":3,"api":"csp_XYQHiker","searchable":1,"quickSearch":1,"filterable":1,"ext":"./XYQHiker/耐看点播.json"},
        ///网站升级{"key": "csp_XYQHiker_回响影视","name":"回响影视(XYQH)","type":3,"api":"csp_XYQHiker","searchable":1,"quickSearch":1,"filterable":1,"ext":"./XYQHiker/回响影视.json"},
        //{"key": "csp_XYQHiker_云镜影视","name":"云镜影视(XYQH)","type":3,"api":"csp_XYQHiker","searchable":1,"quickSearch":1,"filterable":1,"ext":"./XYQHiker/云镜影视.json"},
        {"key": "csp_XYQHiker_速搜影院","name":"速搜影院(XYQH)","type":3,"api":"csp_XYQHiker","searchable":1,"quickSearch":1,"filterable":1,"ext":"./XYQHiker/速搜影院.json"},
        {"key": "csp_XYQHiker_异视琳琅","name":"异视琳琅(XYQH)","type":3,"api":"csp_XYQHiker","searchable":1,"quickSearch":1,"filterable":1,"ext":"./XYQHiker/异视琳琅.json"},
        {"key": "csp_XYQHiker_天空影视","name":"天空影视(XYQH)","type":3,"api":"csp_XYQHiker","searchable":1,"quickSearch":1,"filterable":1,"ext":"./XYQHiker/天空影视.json"},
        {"key": "csp_XYQHiker_星空影视","name":"星空影视(XYQH)","type":3,"api":"csp_XYQHiker","searchable":1,"quickSearch":1,"filterable":1,"ext":"./XYQHiker/星空影视.json"},
        {"key": "csp_XYQHiker_疯狗影视","name":"🐶疯狗影视(XYQH)","type":3,"api":"csp_XYQHiker","searchable":1,"quickSearch":1,"filterable":1,"ext":"./XYQHiker/疯狗影视.json"},
        {"key": "csp_XYQHiker_我不卡影院","name": "我不卡影院(XYQH)","type": 3,"api": "csp_XYQHiker","searchable": 1,"quickSearch": 1,"filterable": 1,"ext": "./XYQHiker/我不卡影院.json"},
        {"key": "csp_XYQHiker_爱看影院","name":"爱看影院(XYQH)","type":3,"api":"csp_XYQHiker","searchable":1,"quickSearch":1,"filterable":1,"ext":"./XYQHiker/爱看影院.json"},
        {"key": "csp_XYQHiker_爱看影视","name":"爱看影视(真不卡)","type":3,"api":"csp_XYQHiker","searchable":1,"quickSearch":1,"filterable":1,"ext":"./XYQHiker/爱看影视.json"},
        {"key": "csp_XYQHiker_爱看影视6","name":"爱看影视6(XYQH)","type":3,"api":"csp_XYQHiker","searchable":1,"quickSearch":1,"filterable":1,"ext":"./XYQHiker/爱看影视6.json"},
        {"key": "csp_XYQHiker_艾菲影视","name":"艾菲影视(XYQH)","type":3,"api":"csp_XYQHiker","searchable":1,"quickSearch":1,"filterable":1,"ext":"./XYQHiker/艾菲影视.json"},
        {"key": "csp_XYQHiker_GimyTV劇迷","name": "GimyTV劇迷✈️(XYQH)","type": 3,"api": "csp_XYQHiker","searchable": 1,"quickSearch": 1,"filterable": 1,"ext": "./XYQHiker/GimyTV劇迷.json"},
        {"key": "csp_XYQHiker_曲奇动漫","name":"🧀曲奇动漫(XYQH)","type":3,"api":"csp_XYQHiker","searchable":1,"quickSearch":1,"filterable":1,"ext":"./XYQHiker/曲奇动漫.json"},
        {"key": "csp_XYQHiker_異世界動漫","name":"異世界動漫(XYQH)","type":3,"api":"csp_XYQHiker","searchable":1,"quickSearch":1,"filterable":1,"ext":"./XYQHiker/異世界動漫.json"},
        {"key": "csp_XYQHiker_路漫漫动漫","name":"路漫漫动漫(XYQH)","type":3,"api":"csp_XYQHiker","searchable":1,"quickSearch":1,"filterable":1,"ext":"./XYQHiker/路漫漫动漫.json"},
        {"key": "csp_XYQHiker_利丽娅电影","name": "利丽娅电影(XYQH)","type": 3,"api": "csp_XYQHiker","searchable": 1,"quickSearch": 1,"filterable": 1,"ext": "./XYQHiker/利丽娅电影.json"},
        {"key": "csp_XYQHiker_北川影视","name": "北川影视(XYQH)","type": 3,"api": "csp_XYQHiker","searchable": 1,"quickSearch": 1,"filterable": 1,"ext": "./XYQHiker/北川影视.json"},
        {"key": "csp_XYQHiker_子子影视","name":"子子影视(XYQH)","type":3,"api":"csp_XYQHiker","searchable":1,"quickSearch":1,"filterable":1,"ext":"./XYQHiker/子子影视.json"},
        {"key": "csp_XYQHiker_素白白影视","name":"🥬素白白影视(XYQH)","type":3,"api":"csp_XYQHiker","playerType":2,"searchable":1,"quickSearch":1,"filterable":1,"ext":"./XYQHiker/素白白影视.json"},
        {"key": "csp_XYQHiker_厂长影视","name":"厂长影视(XYQH)","type":3,"api":"csp_XYQHiker","playerType":2,"searchable":1,"quickSearch":1,"filterable":1,"ext":"./XYQHiker/厂长影视.json"},
        {"key": "csp_XYQHiker_COKEMV影院","name":"COKEMV影院(XYQH)","type":3,"api":"csp_XYQHiker","playerType":2,"searchable":1,"quickSearch":1,"filterable":1,"ext":"./XYQHiker/COKEMV影院.json"},
        {"key": "csp_XYQHiker_人人影视PRO","name":"人人影视PRO(XYQH)","type":3,"api":"csp_XYQHiker","searchable":1,"quickSearch":1,"filterable":1,"ext":"./XYQHiker/人人影视PRO.json"},
        {"key": "csp_XYQHiker_MayiTube","name":"MayiTube(XYQH)","type":3,"api":"csp_XYQHiker","searchable":1,"quickSearch":1,"filterable":1,"ext":"./XYQHiker/MayiTube.json"},
        {"key": "csp_XYQHiker_巨人影院","name":"巨人影院(XYQH)","type":3,"api":"csp_XYQHiker","searchable":1,"quickSearch":1,"filterable":1,"ext":"./XYQHiker/巨人影院.json"},
        {"key": "csp_XYQHiker_Vidhub视频库","name":"🎥Vidhub视频库(XYQH)","type":3,"api":"csp_XYQHiker","searchable":1,"quickSearch":1,"filterable":1,"ext":"./XYQHiker/Vidhub视频库.json"},
        {"key": "csp_XYQHiker_宝仙HD","name":"宝仙HD(XYQH)","type":3,"api":"csp_XYQHiker","searchable":1,"quickSearch":1,"filterable":1,"ext":"./XYQHiker/宝仙HD.json"},
        {"key": "csp_XYQHiker_星空影院","name":"星空影院(XYQH)","type":3,"api":"csp_XYQHiker","searchable":1,"quickSearch":1,"filterable":1,"ext":"./XYQHiker/星空影院.json"},
        {"key": "csp_XYQHiker_l0l影院","name":"l0l影院(XYQH)","type":3,"api":"csp_XYQHiker","searchable":1,"quickSearch":1,"filterable":1,"ext":"./XYQHiker/l0l影院.json"},
        {"key": "csp_XYQHiker_F7好看剧","name":"F7好看剧(XYQH)","type":3,"api":"csp_XYQHiker","searchable":1,"quickSearch":1,"filterable":1,"ext":"./XYQHiker/F7好看剧.json"},
        {"key": "csp_XYQHiker_FreeOK","name":"FreeOK(XYQH)","type":3,"api":"csp_XYQHiker","searchable":1,"quickSearch":1,"filterable":1,"ext":"./XYQHiker/FreeOK.json"},
        {"key": "csp_XYQHiker_锐行加速影院","name":"锐行加速影院(XYQH)","type":3,"api":"csp_XYQHiker","searchable":1,"quickSearch":1,"filterable":1,"ext":"./XYQHiker/锐行加速影院.json"},
        
        {"key": "csp_XYQHiker_无插件直播","name": "🏀无插件直播✈️(XYQH)","type": 3,"api": "csp_XYQHiker","searchable": 0,"quickSearch": 0,"filterable": 0,"ext": "./XYQHiker/无插件直播.json"},
        {"key": "csp_XYQBiu_88看球","name":"88看球(XYQ)","type":3,"api":"csp_XYQBiu","searchable":0,"quickSearch":0,"filterable":0,"ext":"./XYQBiu/88看球.json"},
        {"key": "spider_Yj1211","name": "📡JustLive","type": 3,"api": "csp_Yj1211","playerType":1,"searchable": 1,"quickSearch": 1,"filterable": 1},
        {"key": "csp_XYQHiker_虎牙直播","name": "🐯虎牙直播(XYQH)","type": 3,"api": "csp_XYQHiker","searchable": 1,"quickSearch": 0,"filterable": 0,"ext": "./XYQHiker/虎牙直播.json"},
        {"key":"DRJS_虎牙","name":"虎牙直播(JS)","type":3,"api":"./drpy_js/libs/drpy2.min.js","ext":"./drpy_js/js/虎牙直播.js","searchable": 0,"quickSearch": 0,"filterable": 0},
        
        {"key": "csp_XYQBiu_网易CC直播","name": "🕸网易CC直播(XYQ)","type": 3,"api": "csp_XYQBiu","searchable": 0,"quickSearch": 0,"filterable": 0,"ext": "./XYQBiu/网易CC直播.json"},
        {"key": "csp_XYQBiu_310直播","name": "⚽️310直播✈️(XYQ)","type": 3,"api": "csp_XYQBiu","searchable": 0,"quickSearch": 0,"filterable": 0,"ext": "./XYQBiu/310直播.json"},
        {"key": "csp_XYQBiu_抓饭直播","name": "🍥抓饭直播(XYQ)","type": 3,"api": "csp_XYQBiu","searchable": 0,"quickSearch": 0,"filterable": 0,"ext": "./XYQBiu/抓饭直播.json"},
        {"key": "csp_XYQBiu_斗鱼直播","name": "🐠斗鱼直播(XYQ)","type": 3,"api": "csp_XYQBiu","searchable": 1,"quickSearch": 1,"filterable": 0,"ext": "./XYQBiu/斗鱼直播.json"},
        
        {"key": "csp_XYQBiu_黑料电影","name":"黑料电影(XYQ)","type":3,"api":"csp_XYQBiu","searchable":1,"quickSearch":1,"filterable":1,"ext":"./XYQBiu/黑料电影.json"},
        //{"key": "csp_XYQBiu_影视工场","name":"影视工场(XYQ)","type":3,"api":"csp_XYQBiu","searchable":1,"quickSearch":1,"filterable":1,"ext":"./XYQBiu/影视工场.json"},
        {"key": "csp_XYQBiu_磁力熊","name":"💿磁力熊(XYQ)","type":3,"api":"csp_XYQBiu","searchable":1,"quickSearch":1,"filterable":1,"ext":"./XYQBiu/磁力熊.json"},
        {"key": "csp_XYQBiu_神马","name": "🐴神马影院(XYQ)","type": 3,"api": "csp_XYQBiu","searchable": 1,"quickSearch": 1,"filterable": 1,"ext": "./XYQBiu/神马影院.json"},
        {"key": "csp_XYQBiu_骚火电影网","name": "骚火电影网(XYQ)","type": 3,"api": "csp_XYQBiu","searchable": 1,"quickSearch": 1,"filterable": 1,"ext": "./XYQBiu/骚火电影网.json"},
        {"key": "csp_XYQBiu_骚火电影VIP","name": "骚火电影VIP✈️(XYQ)","type": 3,"api": "csp_XYQBiu","searchable": 1,"quickSearch": 1,"filterable": 1,"ext": "./XYQBiu/骚火电影VIP.json"},
        {"key": "csp_XYQBiu_Auete影视","name": "Auete影视✈️(XYQ)","type": 3,"api": "csp_XYQBiu","searchable": 1,"quickSearch": 1,"filterable": 1,"ext": "./XYQBiu/Auete影视.json"},
        {"key": "csp_XYQBiu_VIP电影","name": "VIP电影✈️(XYQ)","type": 3,"api": "csp_XYQBiu","searchable": 1,"quickSearch": 1,"filterable": 1,"ext": "./XYQBiu/VIP电影.json"},
        {"key": "csp_XYQBiu_1985电影网","name": "1985电影网(XYQ)","type": 3,"api": "csp_XYQBiu","searchable": 1,"quickSearch": 1,"filterable": 1,"ext": "./XYQBiu/1985电影网.json"},
        {"key": "csp_XYQBiu_大师兄影视","name": "🐒大师兄影视(XYQ)","type": 3,"api": "csp_XYQBiu","searchable": 1,"quickSearch": 1,"filterable": 1,"ext": "./XYQBiu/大师兄影视.json"},
        {"key": "csp_XYQBiu_莫扎兔","name": "🐰莫扎兔影视(XYQ)","type": 3,"api": "csp_XYQBiu","searchable": 1,"quickSearch": 1,"filterable": 1,"ext": "./XYQBiu/莫扎兔.json"},
        {"key": "csp_XYQBiu_大米星球","name": "大米星球(XYQ)","type": 3,"api": "csp_XYQBiu","searchable": 1,"quickSearch": 1,"filterable": 1,"ext": "./XYQBiu/大米星球.json"},
        {"key": "csp_XYQBiu_酷客影视","name": "酷客影视(XYQ)","type": 3,"api": "csp_XYQBiu","searchable": 1,"quickSearch": 1,"filterable": 1,"ext": "./XYQBiu/酷客影视.json"},
        {"key": "csp_XYQBiu_七小时影院","name": "七小时影院(XYQ)","type": 3,"api": "csp_XYQBiu","searchable": 1,"quickSearch": 1,"filterable": 1,"ext": "./XYQBiu/七小时影院.json"},
        {"key": "csp_XYQBiu_花猫TV","name": "🐱花猫TV(XYQ)","type": 3,"api": "csp_XYQBiu","searchable": 1,"quickSearch": 1,"filterable": 1,"ext": "./XYQBiu/花猫TV.json"},
        {"key": "csp_XYQBiu_TVB云播","name": "TVB云播(XYQ)","type": 3,"api": "csp_XYQBiu","searchable": 1,"quickSearch": 1,"filterable": 1,"ext": "./XYQBiu/TVB云播.json"},
        {"key": "csp_XYQBiu_Libvio","name": "Libvio(XYQ)","type": 3,"api": "csp_XYQBiu","searchable": 1,"quickSearch": 1,"filterable": 1,"ext": "./XYQBiu/libvio.json"},
        {"key": "csp_XYQBiu_萌番组","name": "萌番组(XYQ)","type": 3,"api": "csp_XYQBiu","searchable": 1,"quickSearch": 1,"filterable": 0,"ext": "./XYQBiu/萌番组.json"},
        {"key": "csp_XYQBiu_分享短视频","name": "分享短视频(XYQ)","type": 3,"api": "csp_XYQBiu","searchable": 0,"quickSearch": 0,"filterable": 0,"ext": "./XYQBiu/分享短视频.json"},
        
        //json采集接口type：1，xml采集接口type：0
        {"key":"csp_appysv2_看剧吧","name":"看剧吧(普通)","type":3,"api":"csp_AppYsV2","searchable":1,"quickSearch":1,"filterable":1,"ext":"http://app.ishen520.com/api.php/v1.vod"},
        {"key":"影图资源","name":"影图资源(官)","type":1,"api":"https://cj.vodimg.top/api.php/provide/vod/","searchable":1,"quickSearch":1},
        {"key":"忆梦","name":"忆梦(官)","type":1,"api":"http://anltv.cn/api.php/provide/vod/","searchable":1,"quickSearch":1},
        {"key":"天猫","name":"天猫(切片)","type":0,"api":"https://www.tianmaozy.com/api.php/provide/vod/at/xml/","searchable":1,"quickSearch":1},
        {"key":"Ikun资源","name":"Ikun资源(切片)","type":0,"api":"https://ikunzyapi.com/api.php/provide/vod/at/xml/","searchable":1,"quickSearch":1}
        
        
    ],
    "parses": [
        //{"name":"解析聚合","type":3,"url":"Demo"},
        //{"name":"Json并发","type":2,"url":"Parallel"},
        //{"name":"Json轮询","type":2,"url":"Sequence"},
        {"name":"-香-","type":0,"url":"https://jx.m3u8.pw/?url="},
        {"name":"-雅-","type":0,"url":"https://jx.xmflv.com/?url="},
        {"name":"-情-","type":0,"url":"https://jx.bozrc.com:4433/player/?url=","ext":{"flag":["qq","腾讯","qiyi","爱奇艺","奇艺","youku","优酷","mgtv","芒果","letv","乐视","pptv","PPTV","sohu","bilibili","哔哩哔哩","哔哩"]}},
        {"name":"-免-","type":0,"url":"http://okjx.cc/?url=","parse":"1","ext":{"flag":["qq","腾讯","qiyi","爱奇艺","奇艺","youku","优酷","mgtv","芒果","letv","乐视","pptv","PPTV","sohu","bilibili","哔哩哔哩","哔哩"]}},
        {"name":"-费-","type":0,"url":"https://jx.yparse.com/index.php?url="},
        {"name":"-分-","type":0,"url":"https://jx.jsonplayer.com/player/?url="},
        {"name":"-享-","type":0,"url":"https://jx.aidouer.net/?url="},
        {"name":"-🌷-","type":0,"url":"https://jx.quankan.app/?url="}
        
    ],
    "flags": [
        "youku",
        "qq",
        "iqiyi",
        "qiyi",
        "letv",
        "sohu",
        "tudou",
        "pptv",
        "mgtv",
        "wasu",
        "bilibili",
        "renrenmi"
    ],
    "rules":[
        {
        "host":"www.iesdouyin.com",
        "rule":["playwm/?video_id="]
        },
        {
        "host":"v.douyin.com",
        "rule":["playwm/?video_id="]
        }
    ],
    "ijk": [
        {
            "group": "软解码",
            "options": [
                {
                    "category": 4,
                    "name": "opensles",
                    "value": "0"
                },
                {
                    "category": 4,
                    "name": "overlay-format",
                    "value": "842225234"
                },
                {
                    "category": 4,
                    "name": "framedrop",
                    "value": "1"
                },
                {
                    "category": 4,
                    "name": "soundtouch",
                    "value": "1"
                },
                {
                    "category": 4,
                    "name": "start-on-prepared",
                    "value": "1"
                },
                {
                    "category": 1,
                    "name": "http-detect-range-support",
                    "value": "0"
                },
                {
                    "category": 1,
                    "name": "fflags",
                    "value": "fastseek"
                },
                {
                    "category": 2,
                    "name": "skip_loop_filter",
                    "value": "48"
                },
                {
                    "category": 4,
                    "name": "reconnect",
                    "value": "1"
                },
                {
                    "category": 4,
                    "name": "enable-accurate-seek",
                    "value": "0"
                },
                {
                    "category": 4,
                    "name": "mediacodec",
                    "value": "0"
                },
                {
                    "category": 4,
                    "name": "mediacodec-auto-rotate",
                    "value": "0"
                },
                {
                    "category": 4,
                    "name": "mediacodec-handle-resolution-change",
                    "value": "0"
                },
                {
                    "category": 4,
                    "name": "mediacodec-hevc",
                    "value": "0"
                },
                {
                    "category": 1,
                    "name": "dns_cache_timeout",
                    "value": "600000000"
                }
            ]
        },
        {
            "group": "硬解码",
            "options": [
                {
                    "category": 4,
                    "name": "opensles",
                    "value": "0"
                },
                {
                    "category": 4,
                    "name": "overlay-format",
                    "value": "842225234"
                },
                {
                    "category": 4,
                    "name": "framedrop",
                    "value": "1"
                },
                {
                    "category": 4,
                    "name": "soundtouch",
                    "value": "1"
                },
                {
                    "category": 4,
                    "name": "start-on-prepared",
                    "value": "1"
                },
                {
                    "category": 1,
                    "name": "http-detect-range-support",
                    "value": "0"
                },
                {
                    "category": 1,
                    "name": "fflags",
                    "value": "fastseek"
                },
                {
                    "category": 2,
                    "name": "skip_loop_filter",
                    "value": "48"
                },
                {
                    "category": 4,
                    "name": "reconnect",
                    "value": "1"
                },
                {
                    "category": 4,
                    "name": "enable-accurate-seek",
                    "value": "0"
                },
                {
                    "category": 4,
                    "name": "mediacodec",
                    "value": "1"
                },
                {
                    "category": 4,
                    "name": "mediacodec-auto-rotate",
                    "value": "1"
                },
                {
                    "category": 4,
                    "name": "mediacodec-handle-resolution-change",
                    "value": "1"
                },
                {
                    "category": 4,
                    "name": "mediacodec-hevc",
                    "value": "1"
                },
                {
                    "category": 1,
                    "name": "dns_cache_timeout",
                    "value": "600000000"
                }
            ]
        }
    ],
    "ads": [
        "mimg.0c1q0l.cn",
        "www.googletagmanager.com",
        "www.google-analytics.com",
        "mc.usihnbcq.cn",
        "mg.g1mm3d.cn",
        "mscs.svaeuzh.cn",
        "cnzz.hhttm.top",
        "tp.vinuxhome.com",
        "cnzz.mmstat.com",
        "www.baihuillq.com",
        "s23.cnzz.com",
        "z3.cnzz.com",
        "c.cnzz.com",
        "stj.v1vo.top",
        "z12.cnzz.com",
        "img.mosflower.cn",
        "tips.gamevvip.com",
        "ehwe.yhdtns.com",
        "xdn.cqqc3.com",
        "www.jixunkyy.cn",
        "sp.chemacid.cn",
        "hm.baidu.com",
        "s9.cnzz.com",
        "z6.cnzz.com",
        "um.cavuc.com",
        "mav.mavuz.com",
        "wofwk.aoidf3.com",
        "z5.cnzz.com",
        "xc.hubeijieshikj.cn",
        "tj.tianwenhu.com",
        "xg.gars57.cn",
        "k.jinxiuzhilv.com",
        "cdn.bootcss.com",
        "ppl.xunzhuo123.com",
        "xomk.jiangjunmh.top",
        "img.xunzhuo123.com",
        "z1.cnzz.com",
        "s13.cnzz.com",
        "xg.huataisangao.cn",
        "z7.cnzz.com",
        "xg.huataisangao.cn",
        "z2.cnzz.com",
        "s96.cnzz.com",
        "q11.cnzz.com",
        "thy.dacedsfa.cn",
        "xg.whsbpw.cn",
        "s19.cnzz.com",
        "z8.cnzz.com",
        "s4.cnzz.com",
        "f5w.as12df.top",
        "ae01.alicdn.com",
        "www.92424.cn",
        "k.wudejia.com",
        "vivovip.mmszxc.top",
        "qiu.xixiqiu.com",
        "cdnjs.hnfenxun.com",
        "cms.qdwght.com",
        "api.htpan.net"
    ]
}