{
    "规则名": "大豆",
    "规则作者": "",
    "请求头参数": "User-Agent$PC_UA",
    "网页编码格式": "UTF-8",
    "图片是否需要代理": "0",
    "是否开启获取首页数据": "1",
    "首页推荐链接": "https://dadou.pro",
    "首页列表数组规则": "body&&.hl-vod-list",
    "首页片单列表数组规则": ".hl-list-item",
    "首页片单是否Jsoup写法": "1",
    "首页片单标题": "a&&title",
    "首页片单链接": "a&&href",
    "首页片单图片": ".hl-lazy&&data-original",
    "首页片单副标题": ".remarks&&Text",
    "首页片单链接加前缀": "https://dadou.pro",
    "首页片单链接加后缀": "",
    "分类起始页码": "1",
    "分类链接": "https://dadou.pro/vodshow/{cateId}-{area}--{class}-{lang}----{catePg}---{year}.html",
    "分类名称": "电影&剧集&综艺&动漫&记录",
    "分类名称替换词": "1&2&3&4&39",
    "筛选数据": "ext",
    //{cateId}
    "筛选子分类名称": "",
    "筛选子分类替换词": "",
    //{class}
    "筛选类型名称": "NETFLIX&喜剧&爱情&犯罪&剧情&惊悚&恐怖&悬疑&奇幻&动作&科幻&冒险&家庭&灾难&同性&BBC&HBO&HULU&ONE||NETFLIX&BBC&HBO&HULU&ONE&喜剧&犯罪&剧情&惊悚&恐怖&悬疑&奇幻&动作&科幻&冒险||NETFLIX&真人秀&纪录片&人物&自然&历史探索||NETFLIX&喜剧&犯罪&剧情&冒险&惊悚&恐怖&悬疑&奇幻&动作&科幻&运动||真人秀&纪录片&纪录片人物&纪录片NETFLIX&BBC&自然&历史&探索",
    "筛选类型替换词": "*",
    //{area}
    "筛选地区名称": "大陆&香港&台湾&美国&法国&英国&日本&韩国&德国&泰国&印度&意大利&西班牙&加拿大&其他||韩国&美国&泰国&英国&香港&台湾&日本&新加坡&内地&其他||大陆&韩国&美国&香港&台湾&日本&泰国&英国&新加坡&其他&内地||日本&大陆&韩国&香港&台湾&美国&英国&新加坡&其他&泰国||大陆&内地&韩国&香港&台湾&日本&美国&泰国&英国&新加坡&其他",
    "筛选地区替换词": "*",
    //{year}
    "筛选年份名称": "",
    "筛选年份替换词": "*",
    //{lang}
    "筛选语言名称": "",
    "筛选语言替换词": "*",
    //{by}
    "筛选排序名称": "最新&最热&评分",
    "筛选排序替换词": "time&hits&score",
    "分类截取模式": "1",
    "分类列表数组规则": ".hl-vod-list&&li",
    "分类片单是否Jsoup写法": "1",
    "分类片单标题": "a&&title",
    "分类片单链接": "a&&href",
    "分类片单图片": ".hl-lazy&&data-original",
    "分类片单副标题": ".remarks&&Text",
    "分类片单链接加前缀": "https://dadou.pro",
    "分类片单链接加后缀": "",
    "搜索请求头参数": "User-Agent$PC_UA",
    "搜索链接": "https://dadou.pro/index.php/ajax/suggest?mid=1&wd={wd}&limit=10",
    "POST请求数据": "wd={wd}",
    "搜索截取模式": "0",
    "搜索列表数组规则": "list",
    "搜索片单是否Jsoup写法": "1",
    "搜索片单图片": "pic",
    "搜索片单标题": "name",
    "搜索片单链接": "id",
    "搜索片单副标题": "",
    "搜索片单链接加前缀": "https://dadou.pro",
    "搜索片单链接加后缀": ".html",
    "链接是否直接播放": "0",
    "直接播放链接加前缀": "",
    "直接播放链接加后缀": "#isVideo=true#",
    "直接播放直链视频请求头": "",
    "详情是否Jsoup写法": "1",
    "类型详情": "",
    "年代详情": "",
    "地区详情": "",
    "演员详情": ".hl-dc-content&&.hl-col-xs-12,2&&Text!主演：",
    "简介详情": ".hl-content-wrap&&Text",
    "线路列表数组规则": ".hl-plays-from&&a",
    "线路标题": "a&&alt",
    "播放列表数组规则": "body&&.hl-plays-list",
    "选集列表数组规则": "li",
    "选集标题链接是否Jsoup写法": "1",
    "选集标题": "a&&Text",
    "选集链接": "a&&href",
    "是否反转选集序列": "0",
    "选集链接加前缀": "https://dadou.pro",
    "选集链接加后缀": "",
    "分析MacPlayer": "0",
    "是否开启手动嗅探": "0",
    "手动嗅探视频链接关键词": ".mp4#.m3u8#.flv",
    "手动嗅探视频链接过滤词": ".html#=http#=https"
}