{
    "title": "quqidm",
    "author": "tx",
    "Headers": "PC_UA",
    "PicNeedProxy": "0",
    "homeContent": "0",
    "firstpage": "0",
    "class_url": "https://www.quqidm.com/list/?{cateId}&pagesize=24&pageindex={catePg}[firstPage=https://www.quqidm.com/list/?{cateId}]",
    "class_name": "全部&日本&中国&欧美&TV&剧场版&OVA",
    "class_value": "&region=日本&region=中国&region=欧美&genre=TV&genre=剧场版&genre=OVA",
    "filterdata": {},
    "cat_mode": "1",
    "cat_arr_rule": ".lpic&&li",
    "cat_title": "h2&&Text",
    "cat_url": "a&&href",
    "cat_pic": "img&&src",
    "cat_subtitle": "span&&Text",
    "cat_prefix": "https://www.quqidm.com",
    "cat_suffix": "",
    "SHeaders": "PC_UA",
    "search_url": "https://www.quqidm.com/s_all?ex=1&kw={wd}",
    "sea_PtBody": "",
    "search_mode": "1",
    "sea_arr_rule": ".lpic&&li",
    "sea_is_jsoup": "1",
    "sea_pic": "img&&src",
    "sea_title": "h2&&Text",
    "sea_url": "a&&href",
    "sea_subtitle": "span&&Text",
    "search_prefix": "https://www.quqidm.com",
    "search_suffix": "",
    "force_play": "0",
    "play_prefix": "https://live.52sf.ga/huya/",
    "play_suffix": "#isVideo=true#",
    "play_header": "authority$ku.peizq.online#Referer$https://play.peizq.online",
    "proj_is_jsoup": "1",
    "proj_cate": "",
    "proj_year": "",
    "proj_area": ".sinfo&&span,1&&Text",
    "proj_actor": ".sinfo&&span,3&&Text!类型:",
    "proj_plot": ".info&&Text",
    "tab_arr_rule": ".tabs&&.menu0&&li",
    "tab_title": "Text",
    "list_arr_rule": "body&&.movurl:has(li)",
    "epi_arr_rule": "a",
    "epi_title": "a&&Text",
    "epi_url": "a&&href",
    "epi_reverse": "0",
    "epiurl_prefix": "https://www.quqidm.com",
    "epiurl_suffix": "",
    "Anal_MacPlayer": "0",
    "ManualSniffer": "0",
    "VideoFormat": ".mp4#.m3u8#.flv",
    "VideoFilter": ".html#=http"
}